date,tavg,tmin,tmax,prcp,snow,wdir,wspd,wpgt,pres,tsun
2024-01-01 00:00:00,25.6,21.2,29.2,0,,,8.1,,1014.1,
2024-01-02 00:00:00,25.6,22.2,29,0,,,7.5,,1013.4,
2024-01-03 00:00:00,26.4,20.5,29.8,0,,,8.4,,1012.6,
2024-01-04 00:00:00,25.8,23,29.1,0,,,5.8,,1012.6,
2024-01-05 00:00:00,26.9,22.5,30.2,5.1,,,7.6,,1012.5,
2024-01-06 00:00:00,26.6,23.8,30,1,,,10,,1012.6,
2024-01-07 00:00:00,24.5,22,29,0.8,,,8.6,,1013,
2024-01-08 00:00:00,25.9,21.5,27,65,,,7.6,,1013.5,
2024-01-09 00:00:00,26.9,23.3,29.4,5.1,,,10.2,,1014,
2024-01-10 00:00:00,26.5,22.4,31,0,,,9.1,,1013.6,
2024-01-11 00:00:00,26.9,23.8,30.6,0,,,7.6,,1014.2,
2024-01-12 00:00:00,26.3,23.4,30,0,,,6.8,,1014.1,
2024-01-13 00:00:00,26.6,24,30,0.3,,,6.9,,1014.3,
2024-01-14 00:00:00,26.3,24,31.2,0,,,7.1,,1013.8,
2024-01-15 00:00:00,25.4,22,29,0,,,6.1,,1013.1,
2024-01-16 00:00:00,25.1,21,30.2,0,,,6.9,,1012.2,
2024-01-17 00:00:00,25.3,20.8,30,0,,,6.4,,1011.9,
2024-01-18 00:00:00,25.8,21.2,30,0,,,6.4,,1012.3,
2024-01-19 00:00:00,26.4,23,30.2,0,,,7,,1012.8,
2024-01-20 00:00:00,26.5,23.4,30,0,,,7.8,,1013.9,
2024-01-21 00:00:00,26.4,22.8,30.6,0,,,5.8,,1013.8,
2024-01-22 00:00:00,26.2,22.4,30.4,0,,,5.9,,1014.7,
2024-01-23 00:00:00,26.4,22.6,30.4,0,,,7.4,,1014.3,
2024-01-24 00:00:00,26.8,22.2,31.4,0,,,6.5,,1013.8,
2024-01-25 00:00:00,26.5,22,30.6,0,,,6.7,,1014.7,
2024-01-26 00:00:00,26.3,22.6,30,0.2,,,6.3,,1016.5,
2024-01-27 00:00:00,27,23.2,31,0.3,,,10.5,,1016.3,
2024-01-28 00:00:00,27.2,23,31.6,0,,,12.4,,1016.1,
2024-01-29 00:00:00,26.3,22.6,30.2,0,,,10.4,,1015.6,
2024-01-30 00:00:00,26.3,23,30,0,,,8.5,,1014.6,
2024-01-31 00:00:00,26.8,23,31,0,,,8.6,,1014.3,
2024-02-01 00:00:00,27.6,25,31,0.8,,,8.5,,1014.2,
2024-02-02 00:00:00,28,24.8,31.6,0.7,,,9.6,,1014,
2024-02-03 00:00:00,27.3,24,31,0,,,7.9,,1014.8,
2024-02-04 00:00:00,27.1,22.6,31.6,0,,,7.7,,1016.2,
2024-02-05 00:00:00,26.9,23,31,0,,,7.8,,1016.5,
2024-02-06 00:00:00,26.6,23.4,30.8,0,,,7.8,,1016,
2024-02-07 00:00:00,26.8,22.6,32.6,0,,,6.2,,1015.2,
2024-02-08 00:00:00,26.8,23,31.4,0,,,7,,1014.3,
2024-02-09 00:00:00,27.2,23.6,31.6,0,,,6.7,,1015.3,
2024-02-10 00:00:00,28.2,24.4,32,0,,,10.8,,1016.3,
2024-02-11 00:00:00,27.4,24,31,0,,,11.9,,1016.8,
2024-02-12 00:00:00,26.7,22.4,31,0,,,9.7,,1016.4,
2024-02-13 00:00:00,27.4,23.6,32,0,,,9.8,,1015.8,
2024-02-14 00:00:00,27.9,24.6,32.4,0,,,10.2,,1015,
2024-02-15 00:00:00,27.3,24,31.6,0,,,9.6,,1014.9,
2024-02-16 00:00:00,27.9,24,32,0,,,9.7,,1015,
2024-02-17 00:00:00,27.5,23.6,32.4,0,,,8.7,,1013.9,
2024-02-18 00:00:00,27.3,23,31.6,0,,,8.6,,1013.2,
2024-02-19 00:00:00,27.9,24,32.4,0,,,9.3,,1013.4,
2024-02-20 00:00:00,27.9,24.4,31.6,0,,,8.7,,1012.8,
2024-02-21 00:00:00,28.2,23.8,33.6,0,,,9.4,,1011.4,
2024-02-22 00:00:00,28.6,25.2,33.6,0.5,,,10.7,,1011.4,
2024-02-23 00:00:00,29.5,26.2,34.2,0.4,,,12.2,,1011,
2024-02-24 00:00:00,29.2,27,32,0,,,12.5,,1011.5,
2024-02-25 00:00:00,28.6,25.2,31.4,0,,,9.8,,1011.5,
2024-02-26 00:00:00,28.7,26,31.8,0,,,13.1,,1012.7,
2024-02-27 00:00:00,28.6,25.8,33.4,0,,,11.8,,1013,
2024-02-28 00:00:00,28.4,25,33,0,,,10.3,,1012.2,
2024-02-29 00:00:00,28.3,24,33.4,0,,,9,,1012.4,
2024-03-01 00:00:00,28.7,24.6,33.4,0,,,8.3,,1013.4,
2024-03-02 00:00:00,28.4,25,33,0,,,7.6,,1012.7,
2024-03-03 00:00:00,28.8,24.4,33.6,0,,,9.9,,1012.1,
2024-03-04 00:00:00,27.9,24,32.2,0,,,8.3,,1011.9,
2024-03-05 00:00:00,28,24,31.8,0,,,8.3,,1011.9,
2024-03-06 00:00:00,28.2,24,33,0,,,8.7,,1012,
2024-03-07 00:00:00,28.7,24.4,34,0,,,10.2,,1011.4,
2024-03-08 00:00:00,29.1,24,34,0,,,12.3,,1011.5,
2024-03-09 00:00:00,29.1,25.8,33,0,,,10.1,,1011.7,
2024-03-10 00:00:00,29.6,26,33.8,0,,,9.4,,1013.6,
2024-03-11 00:00:00,29.7,26.6,33.6,0,,,9.5,,1014.7,
2024-03-12 00:00:00,29.2,25.6,34,0,,,11,,1013.6,
2024-03-13 00:00:00,29.6,25.2,35,0,,,11.4,,1012.2,
2024-03-14 00:00:00,29.3,26,34,0,,,13.3,,1011.7,
2024-03-15 00:00:00,29.2,25.6,33,0,,,11.8,,1011.5,
2024-03-16 00:00:00,29.4,26,33,0,,,12.1,,1011.9,
2024-03-17 00:00:00,29.2,26.4,33,0,,,10.5,,1012.2,
2024-03-18 00:00:00,29.1,25,33.4,0,,,9.4,,1011.7,
2024-03-19 00:00:00,29.1,25.2,33,0,,,10,,1011.3,
2024-03-20 00:00:00,29,25,32.8,0,,,10,,1011.2,
2024-03-21 00:00:00,29.8,27.6,33,0.2,,,14,,1011.6,
2024-03-22 00:00:00,29.9,27,33.4,0,,,9.4,,1009.9,
2024-03-23 00:00:00,29.6,26,34,0,,,10.3,,1009.5,
2024-03-24 00:00:00,29.4,25.2,33.4,0,,,9.6,,1011.6,
2024-03-25 00:00:00,29.1,25,33,0,,,7.6,,1011.9,
2024-03-26 00:00:00,29,24.8,33.2,0,,,10.3,,1012.4,
2024-03-27 00:00:00,29.8,26,33.6,0,,,9.2,,1013.5,
2024-03-28 00:00:00,30.1,26,34,0,,,10.7,,1011.2,
2024-03-29 00:00:00,30.5,27,35,0,,,11.9,,1010.3,
2024-03-30 00:00:00,30.5,26,35,0,,,12.4,,1011.2,
2024-03-31 00:00:00,30.3,26,34,0,,,12.6,,1012.2,
2024-04-01 00:00:00,30.7,28,34,0,,,12.3,,1009.6,
2024-04-02 00:00:00,31,27,36,0,,,14.1,,1007.8,
2024-04-03 00:00:00,31.5,27.2,37.6,0,,,13.2,,1008.8,
2024-04-04 00:00:00,31.5,28,36.6,0,,,10.1,,1008.9,
2024-04-05 00:00:00,31,27.4,35.6,0,,,10.8,,1008.4,
2024-04-06 00:00:00,31.9,26.6,39,0,,,11.2,,1007.3,
2024-04-07 00:00:00,31.5,27,38,0,,,11.8,,1006.9,
2024-04-08 00:00:00,31.2,27.6,36.4,0,,,14.5,,1008.8,
2024-04-09 00:00:00,30.8,28.2,34.4,0,,,10.4,,1010,
2024-04-10 00:00:00,30.7,27.4,34.6,0,,,10.2,,1009.9,
2024-04-11 00:00:00,31.2,28,35,0,,,10.6,,1010.3,
2024-04-12 00:00:00,31.4,29,34.6,0,,,13.1,,1010.3,
2024-04-13 00:00:00,31.4,28,36.2,0.1,,,8.5,,1010.1,
2024-04-14 00:00:00,31,27.8,34.6,0,,,9,,1010.4,
2024-04-15 00:00:00,30.9,27.2,35,0,,,9,,1011.1,
2024-04-16 00:00:00,31.5,27,36,0,,,13.2,,1009.3,
2024-04-17 00:00:00,31.7,28,37,0,,,13.5,,1008,
2024-04-18 00:00:00,32,29,37,0,,,14.9,,1007.1,
2024-04-19 00:00:00,32.2,29,37.4,0,,,13.8,,1005.8,
2024-04-20 00:00:00,32.4,29.2,37,0,,,12.5,,1005.8,
2024-04-21 00:00:00,32,29,37,0,,,12.5,,1006.6,
2024-04-22 00:00:00,31.6,28,36.8,0,,,12.3,,1007.5,
2024-04-23 00:00:00,31.4,27.6,37.2,0,,,11,,1006.8,
2024-04-24 00:00:00,31.4,27.4,37,0,,,10.9,,1006.4,
2024-04-25 00:00:00,31.7,28.2,36,0,,,10.6,,1006.7,
2024-04-26 00:00:00,31.5,27.8,36,0,,,10.1,,1006.5,
2024-04-27 00:00:00,31.2,27.2,36.6,0,,,9.8,,1006.8,
2024-04-28 00:00:00,31.9,27.6,37,0,,,12.2,,1007.1,
2024-04-29 00:00:00,32.3,29,37.4,0,,,11.9,,1008.1,
2024-04-30 00:00:00,32.8,29,39,0,,,12.9,,1006.6,
2024-05-01 00:00:00,33.6,30,40,0,,,17.6,,1003.7,
2024-05-02 00:00:00,33.7,29.6,39,0,,,17.6,,1004.3,
2024-05-03 00:00:00,33.4,30,39.8,0,,,15.8,,1005.3,
2024-05-04 00:00:00,33.5,30.6,39.2,0,,,15.9,,1005.9,
2024-05-05 00:00:00,33.5,30.4,38.6,0,,,17.2,,1004.6,
2024-05-06 00:00:00,33.3,30.8,38,0,,,16.6,,1005.2,
2024-05-07 00:00:00,33.2,30.6,37.8,0,,,17.9,,1007.2,
2024-05-08 00:00:00,31.4,24.8,38.6,1,,,13,,1008,
2024-05-09 00:00:00,31.8,28.5,37.1,0,,,11,,1007.2,
2024-05-10 00:00:00,32.3,29.2,36,0.5,,,12.9,,1007.9,
2024-05-11 00:00:00,32.2,30,36,0.6,,,13,,1008.7,
2024-05-12 00:00:00,32.3,29.6,36.8,0,,,11.7,,1008.6,
2024-05-13 00:00:00,32,29.8,35,1.5,,,10.5,,1007.9,
2024-05-14 00:00:00,32.1,27.8,37,0,,,10,,1007.7,
2024-05-15 00:00:00,31.9,30,35.6,0.4,,,13.1,,1008.1,
2024-05-16 00:00:00,27.7,25.2,36,3,,,6.8,,1008.5,
2024-05-17 00:00:00,29.3,25.2,32,5.1,,,8,,1007.4,
2024-05-18 00:00:00,31.4,25.7,35.2,0.5,,,8.9,,1005.7,
2024-05-19 00:00:00,31.4,27,35.7,0,,,7.7,,1003.9,
2024-05-20 00:00:00,31.1,27,35.7,1,,,7.6,,1003.6,
2024-05-21 00:00:00,31,27.5,35.5,0.3,,,8.2,,1003.1,
2024-05-22 00:00:00,31.1,27.5,35.8,0,,,10.2,,1002.2,
2024-05-23 00:00:00,32.2,26.7,36.4,2,,,8.3,,1001.2,
2024-05-24 00:00:00,33.1,27.4,38,0,,,10.8,,1000.2,
2024-05-25 00:00:00,33.4,30.6,37.6,1.5,,,11.6,,999.6,
2024-05-26 00:00:00,34.4,31,39,0.8,,,16.4,,1000.7,
2024-05-27 00:00:00,34.9,31,40.4,0,,,15.2,,1000.5,
2024-05-28 00:00:00,34.8,30.6,40.4,0,,,14.2,,1001.3,
2024-05-29 00:00:00,34.9,31.4,40.6,0,,,14.1,,1001.2,
2024-05-30 00:00:00,34.6,30,41,0.1,,,12.3,,1002.2,
2024-05-31 00:00:00,34.8,31.2,40.6,0,,,12.2,,1002.2,
2024-06-01 00:00:00,33.7,31.2,39,2.2,,,13.1,,1003.1,
2024-06-02 00:00:00,31.8,29,40.2,0,,,11.8,,1004.9,
2024-06-03 00:00:00,30.9,25.3,38.4,15,,,7.7,,1006,
2024-06-04 00:00:00,31.2,26,37,0,,,10.2,,1006.4,
2024-06-05 00:00:00,29.6,23.5,37.1,21.1,,,9.2,,1006.8,
2024-06-06 00:00:00,29.1,23.8,37.4,59.9,,,10.2,,1007.5,
2024-06-07 00:00:00,29.4,23.9,35.3,17,,,11.6,,1006.3,
2024-06-08 00:00:00,30.6,24.6,34,0.3,,,12.5,,1005.7,
2024-06-09 00:00:00,31.4,26,35.2,0,,,12.7,,1004.9,
2024-06-10 00:00:00,31.4,27,37.8,0.5,,,13.9,,1005,
2024-06-11 00:00:00,31.6,25.5,38.6,11.9,,,12.7,,1005.1,
2024-06-12 00:00:00,30.9,25,36.6,7.9,,,12.7,,1006.3,
2024-06-13 00:00:00,30.7,23.5,36.1,5.1,,,12,,1006.3,
2024-06-14 00:00:00,31.9,26.3,36.4,0,,,12.6,,1005.2,
2024-06-15 00:00:00,31.2,29,34,0.4,,,12.6,,1004.6,
2024-06-16 00:00:00,32.2,28.6,38,0.1,,,12.4,,1004.8,
2024-06-17 00:00:00,31.3,27,38.7,0.3,,,12.5,,1005.3,
2024-06-18 00:00:00,29.2,21.3,38.9,0,,,14.6,,1005.3,
2024-06-19 00:00:00,29.2,22.5,35.6,35.1,,,13.9,,1004.3,
2024-06-20 00:00:00,30.1,24.4,35.1,14,,,14.4,,1004.4,
2024-06-21 00:00:00,30.5,23.9,36,7.1,,,13.1,,1003.9,
2024-06-22 00:00:00,31.1,24.2,36.7,10.9,,,12.6,,1002,
2024-06-23 00:00:00,31.3,25.9,36.2,0,,,14.5,,1001.5,
2024-06-24 00:00:00,31.3,28.6,35,1.1,,,15.4,,1001.5,
2024-06-25 00:00:00,31.7,28.6,35,1.2,,,13.4,,1001.4,
2024-06-26 00:00:00,31.3,26.8,36,1,,,14.4,,1001.6,
2024-06-27 00:00:00,31.3,27.7,34.6,0,,,14.7,,1003.1,
2024-06-28 00:00:00,32,29.4,36,0.2,,,16,,1004.3,
2024-06-29 00:00:00,31.7,28.6,36.2,5.2,,,14.3,,1004.9,
2024-06-30 00:00:00,30.8,28.4,34,7.1,,,13.3,,1006.1,
2024-07-01 00:00:00,30.9,25.3,34,0,,,10.4,,1006.1,
2024-07-02 00:00:00,32.2,28.2,36.6,0.5,,,14.3,,1004.4,
2024-07-03 00:00:00,32,26,37,11.7,,,14.5,,1004.7,
2024-07-04 00:00:00,31.3,22.6,37.9,35.1,,,11.5,,1005.8,
2024-07-05 00:00:00,30.7,24.2,36.2,0,,,12.6,,1004.2,
2024-07-06 00:00:00,29.2,22.4,38.1,42.9,,,7.6,,1004.3,
2024-07-07 00:00:00,29.6,25.6,35.4,0,,,11.8,,1004,
2024-07-08 00:00:00,29.8,26.4,33,4.9,,,9.8,,1003.2,
2024-07-09 00:00:00,30.1,24.5,33.5,1,,,10.2,,1004.8,
2024-07-10 00:00:00,30.8,27.8,36,0,,,13,,1006.3,
2024-07-11 00:00:00,29.1,22,36.3,18,,,8.4,,1006.2,
2024-07-12 00:00:00,30.3,25,36,0,,,14.2,,1004.2,
2024-07-13 00:00:00,29.6,22,36.5,36.1,,,12.8,,1003.8,
2024-07-14 00:00:00,29.1,24.6,33.2,0,,,6.2,,1002.7,
2024-07-15 00:00:00,27.9,24.7,30.6,1,,,13.2,,1002.1,
2024-07-16 00:00:00,29.6,25.4,32,3,,,16,,1002,
2024-07-17 00:00:00,30.9,25.8,35,0,,,15.2,,1002.9,
2024-07-18 00:00:00,29.2,26.4,34.9,0,,,15.9,,1002.9,
2024-07-19 00:00:00,29.2,24.4,32.4,7.9,,,15.8,,1002.2,
2024-07-20 00:00:00,31.3,27.6,34,0,,,13.2,,1002.7,
2024-07-21 00:00:00,31.3,28,34,3.6,,,15.1,,1003.4,
2024-07-22 00:00:00,31.2,26.6,35.1,0,,,13.2,,1005.3,
2024-07-23 00:00:00,31.2,26.4,36,2.3,,,15.2,,1006.1,
2024-07-24 00:00:00,31.3,27.5,35.8,0,,,15.1,,1004.3,
2024-07-25 00:00:00,31.5,29,36,1.3,,,16,,1002.9,
2024-07-26 00:00:00,31.9,26.8,36.7,0,,,15.2,,1002.7,
2024-07-27 00:00:00,32.1,28.6,36,0,,,17.4,,1002.6,
2024-07-28 00:00:00,32,28,35,0,,,16.7,,1001.6,
2024-07-29 00:00:00,31.9,28,36,3.9,,,13.6,,1001.4,
2024-07-30 00:00:00,32.8,26.6,37,0,,,10.2,,1003.9,
2024-07-31 00:00:00,32.6,26.4,37.7,1,,,14.6,,1005.5,
2024-08-01 00:00:00,32.3,27.1,37.2,0,,,16.4,,1005.1,
2024-08-02 00:00:00,31.1,26.6,35,6.2,,,12.1,,1005.6,
2024-08-03 00:00:00,30.8,24.8,37,0.5,,,14.8,,1006.3,
2024-08-04 00:00:00,29.5,23.7,38,35.1,,,11.5,,1006.8,
2024-08-05 00:00:00,28.2,22.5,36.1,46,,,11.5,,1007.6,
2024-08-06 00:00:00,28.9,23.5,35,11.9,,,12.3,,1006.2,
2024-08-07 00:00:00,28.4,22.7,35.4,26.9,,,8.7,,1006.4,
2024-08-08 00:00:00,28.9,23.7,33.6,0,,,10.5,,1007.1,
2024-08-09 00:00:00,29.6,23.9,34.8,0.5,,,12.2,,1007,
2024-08-10 00:00:00,30.3,25,34.7,0,,,10.9,,1007,
2024-08-11 00:00:00,30.8,26,34.4,24.3,,,11.3,,1005,
2024-08-12 00:00:00,29.9,25,35,11.2,,,15,,1004.4,
2024-08-13 00:00:00,30.8,28.4,34,6.6,,,10,,1005.4,
2024-08-14 00:00:00,31,26.2,34.2,0,,,9.6,,1005,
2024-08-15 00:00:00,30.7,25.9,34.3,0.5,,,9.4,,1004.3,
2024-08-16 00:00:00,30.9,26.5,34.4,0.5,,,12.2,,1003.5,
2024-08-17 00:00:00,31.1,26.1,34.7,0,,,9.9,,1004.4,
2024-08-18 00:00:00,31.7,27,35,0,,,10.3,,1005,
2024-08-19 00:00:00,30.9,28.8,34.2,5.8,,,11.8,,1004.8,
2024-08-20 00:00:00,30.5,27.2,34,1.2,,,11.4,,1004.9,
2024-08-21 00:00:00,30.5,28,34,0.4,,,14.2,,1006.2,
2024-08-22 00:00:00,30.8,27.4,36,0,,,14.8,,1007.1,
2024-08-23 00:00:00,31.1,28,35.5,0.1,,,14.8,,1007.2,
2024-08-24 00:00:00,31.2,28,35,0,,,14.6,,1007.5,
2024-08-25 00:00:00,32,27.6,36.4,0.1,,,14.4,,1007.4,
2024-08-26 00:00:00,31.7,28.2,36,0,,,13.7,,1006.7,
2024-08-27 00:00:00,31,28,34.8,0,,,12.5,,1007.7,
2024-08-28 00:00:00,28.9,25.4,35.1,2,,,8.9,,1007.8,
2024-08-29 00:00:00,30.1,26.5,34,0.3,,,13.7,,1005.9,
2024-08-30 00:00:00,28.2,23.5,34.2,0,,,12.4,,1005.8,
2024-08-31 00:00:00,28.9,24.2,33,,,,13.9,,1005.6,
2024-09-01 00:00:00,30.1,27.6,34,,,,11,,1005.6,
2024-09-02 00:00:00,30.8,25.5,35.6,0,,,12.1,,1005.8,
2024-09-03 00:00:00,29.4,25.8,36.1,5.1,,,8.4,,1006.4,
2024-09-04 00:00:00,29.8,25.1,34.4,7.1,,,7.4,,1006.2,
2024-09-05 00:00:00,30.9,28,36.4,0,,,11.5,,1004.6,
2024-09-06 00:00:00,29.7,24.5,36.5,4.1,,,8.4,,1005.1,
2024-09-07 00:00:00,29.7,25.5,33.2,0,,,12.4,,1005.7,
2024-09-08 00:00:00,30.1,26.5,34.1,0,,,10.1,,1006.2,
2024-09-09 00:00:00,30.4,28,34,0,,,11.3,,1004.3,
2024-09-10 00:00:00,32.3,26.3,37,0,,,13.7,,1003.8,
2024-09-11 00:00:00,31,29,35,0.2,,,13.4,,1005.8,
2024-09-12 00:00:00,31.3,28,36.4,0.6,,,12.9,,1006.9,
2024-09-13 00:00:00,31.9,27.9,37.1,0,,,11.4,,1006.4,
2024-09-14 00:00:00,32,28.4,37,0.2,,,12.9,,1005.9,
2024-09-15 00:00:00,31.9,28,37.6,0.9,,,12.8,,1005.4,
2024-09-16 00:00:00,32,29,38,0.1,,,14,,1005.6,
2024-09-17 00:00:00,32.5,29,38.6,1,,,14.6,,1005.3,
2024-09-18 00:00:00,32,29,36,0,,,11.7,,1004.4,
2024-09-19 00:00:00,30.7,28,35.2,0,,,7.7,,1005.4,
2024-09-20 00:00:00,32.1,28.4,37,0,,,11.6,,1004.7,
2024-09-21 00:00:00,29.6,24.5,38.1,11.9,,,10,,1005.4,
2024-09-22 00:00:00,30.3,26.8,34.4,0,,,10.4,,1004.1,
2024-09-23 00:00:00,30.4,27.6,36.2,0,,,11.3,,1003.7,
2024-09-24 00:00:00,29.2,23.9,36.8,32,,,12.4,,1003.4,
2024-09-25 00:00:00,29.2,23.4,36,11.9,,,11.5,,1003.6,
2024-09-26 00:00:00,29.3,22.5,36,71.1,,,7.3,,1004.9,
2024-09-27 00:00:00,29.9,26,34,0,,,8,,1007,
2024-09-28 00:00:00,29.9,26.2,34.3,0.8,,,9.1,,1008.4,
2024-09-29 00:00:00,30.3,26.5,34.1,0,,,9.5,,1009.5,
2024-09-30 00:00:00,29.8,26.3,33.4,1,,,9.8,,1009.6,
2024-10-01 00:00:00,30.2,26.2,34,0,,,10.9,,1007.8,
2024-10-02 00:00:00,31.2,27.4,36,0,,,15.2,,1007.4,
2024-10-03 00:00:00,30.2,27,36.8,8.1,,,11.8,,1006.8,
2024-10-04 00:00:00,30.6,27,35,36.6,,,11,,1007,
2024-10-05 00:00:00,29.4,26.6,35,0.7,,,11.3,,1007.6,
2024-10-06 00:00:00,30.1,26.4,34.2,0,,,7,,1008.2,
2024-10-07 00:00:00,30.2,27.8,33,3.3,,,7.9,,1009.8,
2024-10-08 00:00:00,29.9,26.2,34,1,,,8.7,,1010.4,
2024-10-09 00:00:00,29.7,26.6,33.5,6.1,,,7.2,,1008.8,
2024-10-10 00:00:00,27.8,24,33.3,39.1,,,6.3,,1007.6,
2024-10-11 00:00:00,29.6,25.6,32,0.8,,,8,,1007.4,
2024-10-12 00:00:00,28.9,25,32.7,9.9,,,7.1,,1008.3,
2024-10-13 00:00:00,29.4,25.9,32.2,0.5,,,8.3,,1008.4,
2024-10-14 00:00:00,26.4,23.8,33.1,17,,,12.8,,1007.7,
2024-10-15 00:00:00,25,23.2,28.8,62,,,8.5,,1007.6,
2024-10-16 00:00:00,26.1,23.6,27.4,120.9,,,11.4,,1006.4,
2024-10-17 00:00:00,29.3,24.2,33,0.3,,,7.5,,1006.6,
2024-10-18 00:00:00,28.9,25.1,33.6,9.9,,,4.9,,1007.5,
2024-10-19 00:00:00,28.8,24.4,32,6.1,,,7.4,,1008.7,
2024-10-20 00:00:00,29.3,25.2,33,8.9,,,8,,1009.7,
2024-10-21 00:00:00,29.9,25.8,33,2,,,7.4,,1009.8,
2024-10-22 00:00:00,29.6,26,33.5,0,,,7,,1009.9,
2024-10-23 00:00:00,29.8,26.6,33.8,0.3,,,7.3,,1008.9,
2024-10-24 00:00:00,29.2,27,33,0,,,8.4,,1008.4,
2024-10-25 00:00:00,30,26.6,34.2,0,,,9.6,,1008.4,
2024-10-26 00:00:00,30.3,26,35,0,,,9.3,,1007.9,
2024-10-27 00:00:00,30.5,27,35,0,,,7.6,,1007,
2024-10-28 00:00:00,30.5,26.4,35,1.2,,,8.3,,1006.7,
2024-10-29 00:00:00,29.7,26.4,33,1.8,,,7,,1008,
2024-10-30 00:00:00,28.5,26.2,32.2,7,,,5.6,,1009,
2024-10-31 00:00:00,28.8,26.4,31,1.7,,,6.8,,1010.1,
2024-11-01 00:00:00,29,26.2,32,7.6,,,6.8,,1011.2,
2024-11-02 00:00:00,29.3,26,33.1,0,,,6.9,,1011.4,
2024-11-03 00:00:00,29.2,25.2,32.9,1,,,7.5,,1011.3,
2024-11-04 00:00:00,28.8,24.3,33.2,6.1,,,7.8,,1010.7,
2024-11-05 00:00:00,29.2,25,33,0,,,8.2,,1010.8,
2024-11-06 00:00:00,27.6,25.6,31.6,5.2,,,10.6,,1010.8,
2024-11-07 00:00:00,25.9,24.6,32.5,7.1,,,6,,1010.8,
2024-11-08 00:00:00,28.6,24.8,32,10.9,,,10,,1010.5,
2024-11-09 00:00:00,28.2,24.9,32.4,0,,,8.3,,1010.9,
2024-11-10 00:00:00,28.6,24.4,32.4,1,,,10.2,,1010.5,
2024-11-11 00:00:00,28.3,24.8,31.6,0,,,11.9,,1009.4,
2024-11-12 00:00:00,26.6,24.5,32.4,56.9,,,8.4,,1009,
2024-11-13 00:00:00,27.1,24.2,29,14,,,8.8,,1008.8,
2024-11-14 00:00:00,27.8,24.9,31,15,,,10.3,,1010.2,
2024-11-15 00:00:00,27.7,24.4,32.1,37.1,,,8.7,,1010.7,
2024-11-16 00:00:00,27.9,24.3,31.5,22.1,,,9.2,,1010.1,
2024-11-17 00:00:00,28.4,24.5,31.3,8.9,,,11.6,,1010.1,
2024-11-18 00:00:00,28.1,25.6,31,0,,,14,,1010.6,
2024-11-19 00:00:00,27.5,25,30,0,,,13.2,,1011.4,
2024-11-20 00:00:00,27.4,25,30,0,,,11.2,,1011.2,
2024-11-21 00:00:00,24,25,30,0,,,10.6,,1011.1,
2024-11-22 00:00:00,26.9,22.6,30.6,0,,,10.2,,1011.1,
2024-11-23 00:00:00,27.2,24.4,30,0.6,,,9.7,,1011.7,
2024-11-24 00:00:00,27.4,24.2,30.7,0,,,10.8,,1011.7,
2024-11-25 00:00:00,26.8,24.8,29,0.1,,,10.7,,1010.6,
2024-11-26 00:00:00,24.2,23,29.6,22.1,,,10.5,,1009.1,
2024-11-27 00:00:00,26.7,22.2,28,59.9,,,15.7,,1007.9,
2024-11-28 00:00:00,25.6,24.4,28.2,0,,,17.6,,1007,
2024-11-29 00:00:00,23.8,21.3,27.4,34,,,18.6,,1006.4,
2024-11-30 00:00:00,25.2,22,27,55.1,,,24.4,,1000.6,
2024-12-01 00:00:00,26.2,25.6,28,0,,,17.8,,1001.7,
2024-12-02 00:00:00,28.2,24.2,30,8.9,,,12.5,,1005.1,
2024-12-03 00:00:00,28.3,24.2,31,0,,,11.7,,1008.9,
2024-12-04 00:00:00,27.9,25,32,1.8,,,7.1,,1010.1,
2024-12-05 00:00:00,27.8,25.4,31.4,0.2,,,6.1,,1011,
2024-12-06 00:00:00,28,25.6,31.2,1.7,,,6.9,,1010.9,
2024-12-07 00:00:00,27.9,25.2,31.4,0.5,,,7.6,,1010.7,
2024-12-08 00:00:00,27.4,24.2,31,0.5,,,6.8,,1011.3,
2024-12-09 00:00:00,27.6,24.4,31,1.1,,,7.1,,1011,
2024-12-10 00:00:00,27.6,25.6,30,,,,11.7,,1010.8,
2024-12-11 00:00:00,25.7,24,31,0,,,10.5,,1011,
2024-12-12 00:00:00,25.4,23.4,27.6,57.9,,,9.8,,1010.5,
2024-12-13 00:00:00,26.7,24.6,30,105.9,,,12.2,,1011.1,
2024-12-14 00:00:00,26.2,22.8,30.1,0,,,9.5,,1012.5,
2024-12-15 00:00:00,25.7,22.6,29,0,,,11.4,,1013.2,
2024-12-16 00:00:00,25.6,22.8,29,0,,,10.8,,1012.2,
2024-12-17 00:00:00,25.3,23.4,27,0.2,,,14.6,,1010.2,
2024-12-18 00:00:00,24.9,22.4,27.2,0,,,11.6,,1008.8,
2024-12-19 00:00:00,26.2,23.4,28,29,,,9.6,,1008.2,
2024-12-20 00:00:00,26.8,24.4,29,1,,,11,,1008.1,
2024-12-21 00:00:00,27.3,24.2,31.6,0,,,9.1,,1009.1,
2024-12-22 00:00:00,26.8,24.6,30,0.6,,,9.6,,1010.5,
2024-12-23 00:00:00,26.6,23.4,30.6,0,,,12.8,,1010.1,
2024-12-24 00:00:00,24.6,24,31,0,,,15.8,,1009.9,
2024-12-25 00:00:00,24.5,22.6,26,2,,,15.2,,1010.9,
2024-12-26 00:00:00,26.9,23.4,30,20.1,,,16.3,,1012.6,
2024-12-27 00:00:00,27.2,23.8,30,27.9,,,14,,1014.6,
2024-12-28 00:00:00,27.2,22.8,30.1,0,,,10.3,,1014.3,
2024-12-29 00:00:00,26.9,25,29,0.4,,,13.6,,1014,
2024-12-30 00:00:00,27,24.1,30,3,,,11.5,,1014,
2024-12-31 00:00:00,26.7,25,30.4,0,,,11.3,,1014.2,
2025-01-01 00:00:00,27.2,24,30,0,,,12.9,,1013.4,
2025-01-02 00:00:00,26.4,24,30,0,,,10.4,,1013.2,
2025-01-03 00:00:00,25.7,22.2,29,0,,,10.4,,1013.5,
2025-01-04 00:00:00,25.3,22,29.2,0.2,,,7.6,,1012.7,
2025-01-05 00:00:00,25.7,22.8,29.8,0,,,7.8,,1012.8,
2025-01-06 00:00:00,25.1,21.4,29,0,,,7.1,,1012.2,
2025-01-07 00:00:00,25.7,23,30,0.5,,,9.5,,1012.2,
2025-01-08 00:00:00,25,21,28,0,,,9,,1012.1,
2025-01-09 00:00:00,25.4,22,29,0,,,10.4,,1013.1,
2025-01-10 00:00:00,25.9,22,29,1.6,,,10.8,,1014.5,
2025-01-11 00:00:00,26.1,24,29.1,0,,,11.9,,1014.4,
2025-01-12 00:00:00,25.4,22.4,28.6,0,,,8.7,,1013.7,
2025-01-13 00:00:00,25.9,23.2,28,7.1,,,9,,1012.3,
2025-01-14 00:00:00,26.8,23.2,30,2,,,10.1,,1013.7,
2025-01-15 00:00:00,26.6,23.2,31,0,,,12.3,,1014.5,
2025-01-16 00:00:00,26.2,22.8,29.4,0,,,10.5,,1014.2,
2025-01-17 00:00:00,25.8,22.6,28.6,0,,,12.6,,1013.3,
2025-01-18 00:00:00,25.2,23,27,2.5,,,11.8,,1012.2,
2025-01-19 00:00:00,26.1,23,29.6,55.9,,,12.8,,1012.3,
2025-01-20 00:00:00,25.6,22.2,30.4,0.3,,,10.2,,1011.8,
2025-01-21 00:00:00,25.6,21.5,29.7,0,,,8.9,,1011.2,
2025-01-22 00:00:00,25.3,22.4,28,0,,,8.6,,1011.5,
2025-01-23 00:00:00,25.8,22.6,30,0,,,8.3,,1011.4,
2025-01-24 00:00:00,25.8,22.2,30,0,,,8.1,,1011.3,
2025-01-25 00:00:00,25.7,22,30,0,,,9,,1011.8,
2025-01-26 00:00:00,25.2,21,30.2,0,,,7.7,,1011.9,
2025-01-27 00:00:00,25.8,22,30.4,0,,,8.1,,1011,
2025-01-28 00:00:00,25.6,22.2,30,0,,,7.9,,1011.4,
2025-01-29 00:00:00,25.8,22.6,29.4,0,,,10.4,,1012.6,
2025-01-30 00:00:00,26.8,23.2,31.4,0,,,9.7,,1011.4,
2025-01-31 00:00:00,27.9,24.6,31.6,0.1,,,9.5,,1010.7,
2025-02-01 00:00:00,27.7,24.2,31.4,0.3,,,7.9,,1011.4,
2025-02-02 00:00:00,26.7,23,31,0.2,,,7.6,,1011.8,
2025-02-03 00:00:00,26.2,22,31.6,0,,,6.1,,1012,
2025-02-04 00:00:00,26.6,21.6,32.6,0,,,6.3,,1012.1,
2025-02-05 00:00:00,27.1,22.8,33,0,,,6.7,,1011.3,
2025-02-06 00:00:00,26.7,22,32,0,,,7.2,,1011.4,
2025-02-07 00:00:00,26.6,22,32,0,,,6.7,,1012.8,
2025-02-08 00:00:00,26.8,23,32,0,,,7.8,,1012.5,
2025-02-09 00:00:00,26.9,23.4,31.2,0,,,7.5,,1012.2,
2025-02-10 00:00:00,26.8,23.4,31.4,0,,,7.9,,1013.1,
2025-02-11 00:00:00,26.5,21.6,31.8,0,,,7,,1013.2,
2025-02-12 00:00:00,26.5,22.6,32.4,0,,,6.7,,1013,
2025-02-13 00:00:00,26.1,22,32,0,,,7.9,,1012.5,
2025-02-14 00:00:00,26.6,21,32,0,,,7.8,,1012,
2025-02-15 00:00:00,26.9,22,32.6,0,,,8.5,,1011.2,
2025-02-16 00:00:00,27.4,23,32.4,0,,,8.5,,1012,
2025-02-17 00:00:00,27.4,23.6,32,0,,,8.6,,1013.3,
2025-02-18 00:00:00,27.1,23,32,0,,,7.5,,1013.3,
2025-02-19 00:00:00,26.9,22.8,31.4,0,,,8.6,,1011.4,
2025-02-20 00:00:00,27.2,22.8,32,0,,,7.7,,1012.2,
2025-02-21 00:00:00,27.4,23.4,31.6,0.1,,,8.2,,1013.5,
2025-02-22 00:00:00,27.5,24,31.4,0,,,7.5,,1014,
2025-02-23 00:00:00,27.5,23.4,32.2,0,,,6.9,,1014.2,
2025-02-24 00:00:00,27.7,23.4,33,0,,,10,,1014.4,
2025-02-25 00:00:00,28.3,24,33.4,0,,,10.6,,1015.1,
2025-02-26 00:00:00,28.8,25,33.4,0,,,13.4,,1015,
2025-02-27 00:00:00,28.5,24.4,32.8,0,,,12.3,,1013.6,
2025-02-28 00:00:00,28.4,25,33.2,0,,,12.9,,1012.6,
2025-03-01 00:00:00,28.7,27,32,0.9,,,13.5,,1011.9,
2025-03-02 00:00:00,29.2,25.2,33.6,0,,,9.2,,1010.2,
2025-03-03 00:00:00,29.3,25.8,34,0,,,7,,1010.2,
2025-03-04 00:00:00,28.8,24.6,33.4,0,,,8.4,,1010.2,
2025-03-05 00:00:00,28.9,24.2,35.2,0,,,7.6,,1010,
2025-03-06 00:00:00,29.4,24.2,36,0,,,8.3,,1010.5,
2025-03-07 00:00:00,28.1,22.8,34.2,0,,,8.3,,1009.7,
2025-03-08 00:00:00,28.3,23.6,33.6,0,,,9.9,,1008.7,
2025-03-09 00:00:00,27.8,23.6,32.6,0,,,9,,1010.2,
2025-03-10 00:00:00,28.7,24.4,33,0,,,11.2,,1012.5,
2025-03-11 00:00:00,27.2,25,31.4,4.4,,,9.6,,1012.2,
2025-03-12 00:00:00,28.5,25,32.4,0.5,,,8.5,,1011,
2025-03-13 00:00:00,29.2,24.6,34,0,,,8.3,,1010.2,
2025-03-14 00:00:00,28.8,25,33.4,0,,,8.5,,1010.3,
2025-03-15 00:00:00,28.9,24,34,,,,9,,1011.2,
2025-03-16 00:00:00,29.3,26,33.4,,,,9.3,,1011.5,
2025-03-17 00:00:00,29.8,26.6,34.2,,,,11.1,,1010.9,
2025-03-18 00:00:00,29.9,26.6,34,,,,10.5,,1011,
2025-03-19 00:00:00,29.9,26.6,34.2,,,,11.5,,1012.2,
2025-03-20 00:00:00,29.9,25.6,34.4,,,,10.3,,1013.4,
2025-03-21 00:00:00,30.5,26.4,34.4,,,,11,,1013.5,
2025-03-22 00:00:00,30.3,26.8,34.6,3.3,,,12.1,,1012.8,
2025-03-23 00:00:00,30.4,27.4,34.6,0,,,11.1,,1012.6,
2025-03-24 00:00:00,30,27,34,0,,,10.9,,1012,
2025-03-25 00:00:00,29.4,26,34,0,,,9.7,,1009.6,
2025-03-26 00:00:00,29.5,25,33.4,0,,,10.7,,1008.1,
2025-03-27 00:00:00,31,26,38,0,,,8.4,,1007.4,
2025-03-28 00:00:00,30.9,26.6,36,0,,,11.5,,1006.7,
2025-03-29 00:00:00,31.5,25.8,38.4,0,,,11.2,,1006.9,
2025-03-30 00:00:00,29.9,26,34.8,0,,,12.6,,1008.3,
2025-03-31 00:00:00,29.2,25.6,33.6,0,,,9.7,,1008.8,
2025-04-01 00:00:00,29.5,26,33.5,0,,,11.5,,1008.5,
2025-04-02 00:00:00,30.3,27,34,0,,,11.6,,1009.1,
2025-04-03 00:00:00,28.3,23.4,35.3,24.9,,,9,,1010.9,
2025-04-04 00:00:00,30.4,25.8,33.2,1,,,9.8,,1011,
2025-04-05 00:00:00,29.9,26.4,33.9,0,,,8.6,,1009.7,
2025-04-06 00:00:00,30.7,25.8,35,0,,,10.1,,1008.5,
2025-04-07 00:00:00,30.9,27,36.1,0,,,10,,1008.6,
2025-04-08 00:00:00,30.7,27.8,34.2,0,,,8.7,,1009.6,
2025-04-09 00:00:00,30.5,28,34.4,0,,,10.9,,1008.6,
2025-04-10 00:00:00,31.4,27,37,0.4,,,11.8,,1006.1,
2025-04-11 00:00:00,31.3,28,35,0.9,,,11.5,,1005.6,
2025-04-12 00:00:00,31.9,27.6,38.8,0.2,,,12.4,,1006.2,
2025-04-13 00:00:00,31.7,29.4,36,0,,,10.2,,1007.4,
2025-04-14 00:00:00,31.3,28.2,35,0.1,,,10.2,,1008.1,
2025-04-15 00:00:00,31,28,34.6,0.3,,,12.5,,1008.5,
2025-04-16 00:00:00,29,24.5,32,1.5,,,10.8,,1008.6,
2025-04-17 00:00:00,30.7,27,35,,,,11.8,,1007.6,
2025-04-18 00:00:00,31.3,27.8,35,,,,12.7,,1006.8,
2025-04-19 00:00:00,31.7,29,36,,,,13.4,,1006.2,
2025-04-20 00:00:00,32.4,29.2,37,,,,13.5,,1006.6,
2025-04-21 00:00:00,31.9,29.2,36,,,,12.2,,1008.5,
2025-04-22 00:00:00,31.3,27.6,35,,,,11.4,,1009.6,
2025-04-23 00:00:00,31.7,28,36,0,,,12.8,,1008,
2025-04-24 00:00:00,32,28.8,36.8,0,,,13.6,,1006.9,
2025-04-25 00:00:00,32.2,29,37,0,,,13,,1006.9,
2025-04-26 00:00:00,31.8,29,36,0,,,14.4,,1007.3,
2025-04-27 00:00:00,31.4,28.4,35,0.5,,,12.6,,1008.3,
2025-04-28 00:00:00,31,28.6,35.4,0.2,,,11.2,,1007.5,
2025-04-29 00:00:00,31.6,28,35.6,0.2,,,12.1,,1006.7,
2025-04-30 00:00:00,31.9,28.6,36.6,0,,,11.9,,1006.8,
2025-05-01 00:00:00,32.1,29,36.6,0.3,,,15.1,,1007.5,
2025-05-02 00:00:00,32.1,29,36.4,0.1,,,12.7,,1007.7,
2025-05-03 00:00:00,32.6,29,38,0.3,,,13.8,,1006.7,
2025-05-04 00:00:00,31,26,39,0.2,,,13.4,,1006.3,
2025-05-05 00:00:00,30.1,26,35,0,,,12.2,,1006.2,
2025-05-06 00:00:00,31.2,28,35.4,0.2,,,14.8,,1006.5,
2025-05-07 00:00:00,31.2,25,37,3,,,10.5,,1006.1,
2025-05-08 00:00:00,31.6,27.6,36.2,0,,,10.5,,1006.3,
2025-05-09 00:00:00,31.4,27.6,37,0,,,10.4,,1007.2,
2025-05-10 00:00:00,32.1,28.4,36,1.4,,,11.5,,1007.1,
2025-05-11 00:00:00,31.7,29.4,36.6,0.6,,,10.5,,1005.9,
2025-05-12 00:00:00,32.8,28.8,38,0.1,,,10.2,,1004.1,
2025-05-13 00:00:00,32.7,29,38,0,,,11.7,,1004.1,
2025-05-14 00:00:00,32.5,29.8,37,0.1,,,9.3,,1004.9,
2025-05-15 00:00:00,32.6,29,37,0,,,11.1,,1005.6,
2025-05-16 00:00:00,32.3,30,36,2.7,,,11.2,,1005.3,
2025-05-17 00:00:00,30.2,27.6,35,0,,,12.9,,1005,
2025-05-18 00:00:00,30.9,28,35.8,0.3,,,10.4,,1004,
2025-05-19 00:00:00,29.5,26.6,36.7,3,,,9.7,,1003,
2025-05-20 00:00:00,29,26.2,34.5,5.1,,,9.2,,1002.8,
2025-05-21 00:00:00,31.5,25.4,35,6.1,,,11,,1003.8,
2025-05-22 00:00:00,32,27.2,36.4,0,,,12.8,,1004.4,
2025-05-23 00:00:00,32,25.6,37.8,0.5,,,14.1,,1002.6,
2025-05-24 00:00:00,31.2,25.2,38.2,27.9,,,13.4,,1002.1,
2025-05-25 00:00:00,30.7,28,35.6,0,,,14.2,,1003,
2025-05-26 00:00:00,31.1,27,36,0,,,16.2,,1002.1,
2025-05-27 00:00:00,31.1,28.2,34.4,0.4,,,12.5,,1000.9,
2025-05-28 00:00:00,32.3,28,36,0,,,17.9,,1000.4,
2025-05-29 00:00:00,32.2,28.8,37,0,,,16.6,,1000.4,
2025-05-30 00:00:00,29,25.8,33,14.4,,,12.7,,1001.6,
2025-05-31 00:00:00,31.2,26,36.2,0,,,13.2,,1004,
2025-06-01 00:00:00,32.8,29,38,0,,,14.3,,1005.6,
2025-06-02 00:00:00,32.9,29,37.8,0.3,,,14.6,,1005.7,
2025-06-03 00:00:00,32.6,28,37.2,3.5,,,14.1,,1005.7,
2025-06-04 00:00:00,32.2,28.6,37.6,6,,,14.5,,1006.2,
2025-06-05 00:00:00,32.7,29,37,0.5,,,11,,1006.7,
2025-06-06 00:00:00,32.7,29.4,37,1,,,12.7,,1006.9,
2025-06-07 00:00:00,33,29,38,0.2,,,12.7,,1006.6,
2025-06-08 00:00:00,31.2,27.8,38.5,0,,,13,,1005.4,
2025-06-09 00:00:00,31.8,28,38.2,1,,,15,,1004,
2025-06-10 00:00:00,30.7,27.2,38.8,0,,,16.1,,1001.3,
2025-06-11 00:00:00,31,26.2,39,0.5,,,14.8,,1000.8,
2025-06-12 00:00:00,30.9,25.4,36.4,0.5,,,13.8,,1000.5,
2025-06-13 00:00:00,31.6,26.4,37.2,0,,,13.5,,1001.7,
2025-06-14 00:00:00,31.8,27.3,37.9,0,,,17.6,,1002.5,
2025-06-15 00:00:00,31.3,28.2,35,0,,,16.2,,1002.5,
2025-06-16 00:00:00,31.5,27.8,35,0,,,15.6,,1003,
2025-06-17 00:00:00,32.7,28.6,37.6,0.6,,,15.8,,1004.8,
2025-06-18 00:00:00,32.7,29,37.4,0.4,,,16.9,,1004.8,
2025-06-19 00:00:00,32.8,29,37,0.3,,,15.1,,1004.8,
2025-06-20 00:00:00,32.5,26,39,2.3,,,14.6,,1005.4,
2025-06-21 00:00:00,31.2,24.4,39.6,15,,,12.1,,1005.6,
2025-06-22 00:00:00,30.6,26.6,35.7,0,,,14.3,,1005,
2025-06-23 00:00:00,30.3,25.2,34.7,3,,,12.4,,1004.4,
2025-06-24 00:00:00,32.6,28,36.4,0,,,15.2,,1003.1,
2025-06-25 00:00:00,31.4,29.6,34,0.5,,,13.9,,1003.1,
2025-06-26 00:00:00,32.1,29,36,0.7,,,14.4,,1003.9,
2025-06-27 00:00:00,32.5,29,37.2,0,,,13.3,,1004.5,
2025-06-28 00:00:00,32.9,30,37,0,,,14.1,,1004.9,
2025-06-29 00:00:00,33.5,28.9,38.5,0.3,,,14.4,,1003.6,
2025-06-30 00:00:00,32.8,30,37,0,,,14,,1003.6,
2025-07-01 00:00:00,32.9,30,36.4,1.9,,,14.3,,1004.2,
2025-07-02 00:00:00,31.5,27,36.4,4.2,,,12.4,,1004.2,
2025-07-03 00:00:00,30.8,27.6,34,0,,,13.1,,1005,
2025-07-04 00:00:00,32,28.8,36,1.2,,,14.3,,1005.7,
2025-07-05 00:00:00,33.4,27.5,38,0.8,,,13.4,,1005,
2025-07-06 00:00:00,33.7,29.4,38.8,0,,,16.9,,1004.1,
2025-07-07 00:00:00,34,30,38.4,0,,,17.5,,1004.1,
2025-07-08 00:00:00,32.1,27,39,2,,,15.5,,1004.6,
2025-07-09 00:00:00,32.7,26,39.3,7.1,,,12.1,,1004.9,
2025-07-10 00:00:00,31.8,28.6,39.7,0.3,,,13.6,,1004.3,
2025-07-11 00:00:00,31.8,26.8,39,0.5,,,13.8,,1003.8,
2025-07-12 00:00:00,31.6,26.2,39.3,5.1,,,11.5,,1004.4,
2025-07-13 00:00:00,32.2,27,38.2,0.3,,,14.9,,1004.5,
2025-07-14 00:00:00,30.7,26.8,38.8,0,,,13,,1004.6,
2025-07-15 00:00:00,32.3,25.2,38.7,18,,,11.6,,1003.8,
2025-07-16 00:00:00,32.4,29,38,0,,,15.1,,1002.9,
2025-07-17 00:00:00,30.6,27.8,38.1,0,,,16.1,,1003.5,
2025-07-18 00:00:00,29.9,26,37.1,3,,,12.2,,1003.8,
2025-07-19 00:00:00,29,25,35.5,37.1,,,10.3,,1001.9,
2025-07-20 00:00:00,29.9,26,33.8,6.1,,,15.4,,1001,
2025-07-21 00:00:00,28.8,25.7,32.3,1,,,10.8,,1002.8,
2025-07-22 00:00:00,29.6,21.5,32,0,,,14.1,,1003.1,
2025-07-23 00:00:00,28.3,26,32,0,,,11.5,,1002.9,
2025-07-24 00:00:00,30.2,25,34.4,6.1,,,13.3,,1002.3,
2025-07-25 00:00:00,30.4,26.8,34.8,1,,,13.5,,1002.3,
2025-07-26 00:00:00,31.3,27.7,35,0,,,16.2,,1003.7,
2025-07-27 00:00:00,31.5,28,35,0,,,16.8,,1005.2,
2025-07-28 00:00:00,31.9,28,35.2,0.2,,,14.8,,1005.3,
2025-07-29 00:00:00,32.7,27.8,36.8,0,,,18.5,,1005.1,
2025-07-30 00:00:00,32.6,28.8,37.4,0.2,,,17.1,,1005.2,
2025-07-31 00:00:00,31.6,29,37,2.8,,,14.4,,1005.3,
2025-08-01 00:00:00,32.3,28.8,38,3.6,,,12.4,,1004.8,
2025-08-02 00:00:00,31,22,37,0.4,,,12.8,,1004.8,
2025-08-03 00:00:00,30,27,35.6,1.1,,,11.8,,1005.7,
2025-08-04 00:00:00,30.8,27,36,10.8,,,11.2,,1005.8,
2025-08-05 00:00:00,30.3,26,36.2,0.5,,,12.9,,1005.6,
2025-08-06 00:00:00,31.1,26.4,37,0,,,11.9,,1005.1,
2025-08-07 00:00:00,31.5,27,37,3.9,,,10.4,,1004.7,
2025-08-08 00:00:00,30.1,26,35,21.1,,,10,,1006.3,
2025-08-09 00:00:00,29.8,26.6,34.8,0,,,9.8,,1007.9,
2025-08-10 00:00:00,29.8,25,36,3.1,,,12.2,,1007.7,
2025-08-11 00:00:00,28.7,25.6,35,0.9,,,12.4,,1006.9,
2025-08-12 00:00:00,28.8,27,31,13.6,,,12.8,,1005.3,
2025-08-13 00:00:00,27.7,27,31.2,0.5,,,13.2,,1004.4,
2025-08-14 00:00:00,30,25,34,0,,,8.4,,1004.7,
2025-08-15 00:00:00,30.6,26.6,34.8,0,,,12.9,,1003.6,
2025-08-16 00:00:00,29.3,26.8,35.1,0,,,13.1,,1001.7,
2025-08-17 00:00:00,28,25,33.6,3,,,9.8,,1002.9,
2025-08-18 00:00:00,29.5,24.6,33,6.1,,,12.2,,1004.6,
2025-08-19 00:00:00,30.8,27,35,0,,,14.6,,1005.2,
2025-08-20 00:00:00,31.7,27,36,0,,,13.6,,1006.2,
2025-08-21 00:00:00,31.8,27.6,36.6,0,,,12.1,,1007.7,
2025-08-22 00:00:00,28.8,24.8,36.8,35.1,,,11.2,,1007.6,
2025-08-23 00:00:00,28.4,22.9,34.5,64,,,11.8,,1007.4,
2025-08-24 00:00:00,31.2,26.8,36,0,,,11.4,,1007.2,
2025-08-25 00:00:00,30.7,28,34,0,,,12.6,,1006.5,
2025-08-26 00:00:00,31,28,35,0,,,16.1,,1005.6,
2025-08-27 00:00:00,30.4,28,33,15.9,,,15.8,,1004.6,
2025-08-28 00:00:00,30.8,28,34,7.8,,,14.1,,1003.9,
2025-08-29 00:00:00,31.1,28,35,0.4,,,15.8,,1005,
2025-08-30 00:00:00,31.5,27,36,8,,,16.4,,1006.2,
2025-08-31 00:00:00,29.1,25,33,15.9,,,11,,1005.9,
2025-09-01 00:00:00,29.7,27,33,1.9,,,13.1,,1004,
2025-09-02 00:00:00,30.3,28,34,10.7,,,13.9,,1003.5,
2025-09-03 00:00:00,30,28,33,7,,,14.7,,1003.7,
2025-09-04 00:00:00,30.7,27,35,1.6,,,14.8,,1004.6,
2025-09-05 00:00:00,30.5,27,36,1,,,13.5,,1006.1,
2025-09-06 00:00:00,30.8,27,36,1.7,,,12.4,,1006.8,
2025-09-07 00:00:00,30.3,26,35,0.7,,,12.9,,1006.5,
2025-09-08 00:00:00,30.9,28,35,1.8,,,12.8,,1006.2,
2025-09-09 00:00:00,31.3,29,35,1.4,,,10.7,,1006.6,
2025-09-10 00:00:00,30.5,27,36,10.2,,,15.5,,1006.7,
2025-09-11 00:00:00,29.5,27,32,17.4,,,15.2,,1006.1,
2025-09-12 00:00:00,30.2,27,34,2.3,,,12,,1006,
2025-09-13 00:00:00,28.8,26,31,1.1,,,9,,1006.6,
2025-09-14 00:00:00,30,27,34,21,,,10,,1007.1,
2025-09-15 00:00:00,30.8,28,35,1.4,,,13.1,,1006.5,
2025-09-16 00:00:00,29,25,33,14.5,,,10.6,,1006.5,
2025-09-17 00:00:00,29.2,25,33,12.2,,,12.3,,1006.7,
2025-09-18 00:00:00,29,25,35,42.9,,,13.8,,1006.5,
2025-09-19 00:00:00,27.1,25,31,18.1,,,14.9,,1007,
2025-09-20 00:00:00,28.2,26,32,10.3,,,12.6,,1006.5,
2025-09-21 00:00:00,29.2,26,32,10.3,,,12.4,,1005.5,
2025-09-22 00:00:00,29.3,26,32,3.7,,,12.8,,1006.4,
2025-09-23 00:00:00,29.8,25,34,7,,,12.8,,1006.7,
2025-09-24 00:00:00,30.4,28,34,0.2,,,15.8,,1005.2,
2025-09-25 00:00:00,31,27,35,0.5,,,17.4,,1004.1,
2025-09-26 00:00:00,29.3,27,34,0.2,,,17.8,,1003.9,
2025-09-27 00:00:00,30.5,27,35,5.6,,,17.3,,1004.9,
2025-09-28 00:00:00,30.8,28,35,0,,,15.9,,1005.5,
2025-09-29 00:00:00,30.2,28,33,10.5,,,14.3,,1005.4,
2025-09-30 00:00:00,29.2,26,32,3.9,,,12.5,,1004.5,
2025-10-01 00:00:00,30,28,33,0,,,11.3,,1004.3,
2025-10-02 00:00:00,30.2,27,33,8.4,,,13.6,,1006.2,
2025-10-03 00:00:00,28.8,25,33,1,,,9.5,,1008.6,
2025-10-04 00:00:00,29.3,24,34,5.3,,,14.6,,1009.8,
2025-10-05 00:00:00,28.6,24,36,1.9,,,12.6,,1009.2,
2025-10-06 00:00:00,28.2,25,34,1.8,,,11.7,,1009.3,
2025-10-07 00:00:00,29.4,27,33,11.8,,,9.2,,1009.5,
2025-10-08 00:00:00,29.9,27,33,4.3,,,5.8,,1009.5,
2025-10-09 00:00:00,29.7,27,33,4.4,,,6.3,,1009.5,
2025-10-10 00:00:00,28.4,25,31,,,,5.6,,1008.5,
2025-10-11 00:00:00,29.5,27,33,,,,7.8,,1008.2,
2025-10-12 00:00:00,29,27,31,2.3,,,8.8,,1007.8,
2025-10-13 00:00:00,29.1,27,32,4.3,,,10.8,,1008,
2025-10-14 00:00:00,28.8,26,32,2.8,,,11,,1006.9,
2025-10-15 00:00:00,27.1,25,30,20.9,,,8.6,,1006.8,
2025-10-16 00:00:00,29,26,32,16.2,,,11.9,,1006.8,
2025-10-17 00:00:00,27.2,26,30,33.3,,,8.1,,1008.6,
2025-10-18 00:00:00,26.3,25,28,5.8,,,5.5,,1008.2,
2025-10-19 00:00:00,27.2,26,30,6.2,,,6.9,,1007.5,
2025-10-20 00:00:00,26.8,25,29,26,,,9.8,,1007,
2025-10-21 00:00:00,26.1,25,27,38.6,,,7.3,,1006.3,
2025-10-22 00:00:00,27.8,25,31,18,,,11,,1006,
2025-10-23 00:00:00,28.6,25,32,4.9,,,8.4,,1007.2,
2025-10-24 00:00:00,26.3,24,28,12.6,,,6.5,,1008.6,
2025-10-25 00:00:00,26.7,24,30,29.2,,,6.4,,1008.5,
2025-10-26 00:00:00,27.6,25,31,3.9,,,8,,1008.3,
2025-10-27 00:00:00,26.2,24,27,45.8,,,11.5,,1006.5,
2025-10-28 00:00:00,24.8,24,26,32,,,14.7,,1004.6,
2025-10-29 00:00:00,29.2,25,34,0.5,,,13.4,,1005.9,
2025-10-30 00:00:00,29.9,26,34,0.1,,,12.2,,1008.8,
2025-10-31 00:00:00,30.2,27,35,0,,,9.3,,1010.1,
2025-11-01 00:00:00,30.2,27,35,1.4,,,9,,1009.9,
2025-11-02 00:00:00,30.5,28,35,5.4,,,12.1,,1010.3,
2025-11-03 00:00:00,29.4,26,35,0.9,,,8.7,,1009.6,
2025-11-04 00:00:00,28.3,25,32,2.2,,,9,,1009,
2025-11-05 00:00:00,28.9,26,33,6.8,,,7.9,,1008.2,
2025-11-06 00:00:00,27.6,25,32,13.5,,,10.1,,1008.9,
2025-11-07 00:00:00,28.3,26,32,0,,,8,,1010.1,
2025-11-08 00:00:00,28.8,26,32,0.8,,,10.3,,1011,
2025-11-09 00:00:00,28,26,31,1.8,,,9.9,,1010.7,
2025-11-10 00:00:00,28.1,25,31,1.1,,,10.3,,1010.6,
2025-11-11 00:00:00,28.8,27,31,3.5,,,10.9,,1011.1,
2025-11-12 00:00:00,28.8,27,32,0.2,,,12.5,,1011.5,
2025-11-13 00:00:00,27.7,26,29,2.8,,,11.4,,1012.4,
2025-11-14 00:00:00,27.3,25,30,0,,,13.1,,1012.4,
2025-11-15 00:00:00,27,24,29,0,,,12,,1012.8,
2025-11-16 00:00:00,27.2,26,29,1.2,,,14.8,,1013.1,
2025-11-17 00:00:00,25.6,25,27,27.7,,,11.9,,1012.5,
2025-11-18 00:00:00,25.3,24,29,59.8,,,10.8,,1011.4,
2025-11-19 00:00:00,26.6,24,30,0.8,,,13,,1011.6,
2025-11-20 00:00:00,26.4,24,29,2.4,,,12.2,,1012.1,
2025-11-21 00:00:00,27.5,25,31,10.6,,,13.9,,1012.6,
2025-11-22 00:00:00,28.1,26,31,6.8,,,13.6,,1012.3,
2025-11-23 00:00:00,28.1,26,30,7.4,,,14.7,,1012.2,
2025-11-24 00:00:00,27.8,27,30,7,,,15.3,,1013,
2025-11-25 00:00:00,28,26,31,,,,17,,1012.7,
2025-11-26 00:00:00,27.1,25,29,,,,15,,1012.8,
2025-11-27 00:00:00,27.5,25,30,,,,17.7,,1012.5,
2025-11-28 00:00:00,27.3,26,29,,,,19,,1010.8,
2025-11-29 00:00:00,25,23,27,,,,15.3,,1008.6,
2025-11-30 00:00:00,24.9,23,27,,,,20.1,,1007.5,
2025-12-01 00:00:00,25,25,25,,,,21.4,,1007,
2025-12-02 00:00:00,24.2,23,25,,,,20.1,,1008,
2025-12-03 00:00:00,25.3,24,26,,,,12.9,,1010.9,
2025-12-04 00:00:00,25.2,24,27,,,,8,,1012.8,
2025-12-05 00:00:00,26.6,25,29,,,,13.2,,1013.5,
2025-12-06 00:00:00,26.8,24,30,,,,11.8,,1013.9,
2025-12-07 00:00:00,26.3,24,29,,,,11.6,,1014.3,
2025-12-08 00:00:00,25.5,23,28,,,,12.2,,1013.8,
2025-12-09 00:00:00,26.4,24,30,,,,12.7,,1012.9,
2025-12-10 00:00:00,26,23,29,,,,11.8,,1013.6,
2025-12-11 00:00:00,26,23,29,,,,13.5,,1012.9,
2025-12-12 00:00:00,25.3,23,28,,,,11.5,,1012.6,
2025-12-13 00:00:00,24.7,21,28,,,,9.8,,1013.1,
2025-12-14 00:00:00,24.7,21,28,,,,10.6,,1013.5,
2025-12-15 00:00:00,25.3,21,29,,,,10.4,,1013.4,
2025-12-16 00:00:00,25.9,25,27,,,,11.4,,1012.6,
2025-12-17 00:00:00,26.5,24,29,,,,14,,1013.9,
2025-12-18 00:00:00,25.1,22,29,,,,10.6,,1013.9,
2025-12-19 00:00:00,25,23,29,,,,9.4,,1012.6,
2025-12-20 00:00:00,25,21,29,,,,7,,1011.2,
2025-12-21 00:00:00,25.7,23,29,,,,4.8,,1012,
2025-12-22 00:00:00,25.7,23,29,,,,6.2,,1012,
2025-12-23 00:00:00,25.3,22,29,,,,9.8,,1011.4,
2025-12-24 00:00:00,25.3,23,29,,,,8.6,,1011.7,
2025-12-25 00:00:00,24.9,22,28,,,,11.1,,1012.1,
2025-12-26 00:00:00,25.5,23,29,,,,12,,1012.2,
2025-12-27 00:00:00,24.8,22,28,,,,11.2,,1012.6,
2025-12-28 00:00:00,25.3,22,29,,,,10.9,,1013.2,
2025-12-29 00:00:00,25.2,23,28,,,,10.2,,1012.9,
2025-12-30 00:00:00,25.7,22,29,,,,10.6,,1011.8,
2025-12-31 00:00:00,26.5,24,29,,,,11.7,,1010.2,
